budget,wave,run_name,wandb_url,shape,d_model,depth,params,steps,samples_seen,flops_seen,compute_seen,final_loss,loss,policy_top1,tail_count,runtime_sec
1e14,shape,shape-1e14-d32x1-k1.2,https://wandb.ai/maxence-frenette/chess-engine-4/runs/qztrcwzl,d32x1,32,1,303206,33463,6424896,12447979004160.0,100002722109647.23,3.9809296131134033,4.645473642349243,0.2269791726022959,100,459.696297773
1e14,shape,shape-1e14-d40x1-k1.2,https://wandb.ai/maxence-frenette/chess-engine-4/runs/ju53m7ba,d40x1,40,1,382382,27589,5297088,12938015606976.0,100003422281588.2,5.367575645446777,4.940590035915375,0.22901042319834233,100,311.886084137
1e14,shape,shape-1e14-d48x1-k1.2,https://wandb.ai/maxence-frenette/chess-engine-4/runs/tjbz4djv,d48x1,48,1,463094,23528,4517376,13356570792960.0,100002756842629.95,4.6944580078125,4.80239999294281,0.23500000640749932,100,295.98794985
1e14,shape,shape-1e14-d48x2-k1.2,https://wandb.ai/maxence-frenette/chess-engine-4/runs/ru492dit,d48x2,48,2,490790,22474,4315008,13479221990400.0,100000207488047.05,4.359200954437256,4.716201350688935,0.2377604243904352,100,285.987741342
1e14,shape,shape-1e14-d56x1-k1.2,https://wandb.ai/maxence-frenette/chess-engine-4/runs/9zxzefbh,d56x1,56,1,545342,20540,3943680,13724633445120.0,100004799180385.94,4.743984222412109,4.777999002933502,0.23218750648200512,100,222.254569206
1e15,shape,shape-1e15-d80x3-k1.2,https://wandb.ai/maxence-frenette/chess-engine-4/runs/bpwyq4u1,d80x3,80,3,955062,39078,20007936,120675985238016.0,1000016852620080.0,4.712422847747803,4.4383556532859805,0.29517578125,100,891.83555056
1e15,shape,shape-1e15-d96x2-k1.2,https://wandb.ai/maxence-frenette/chess-engine-4/runs/5yizivr3,d96x2,96,2,1090310,34927,17882624,123418682033152.0,1000030305210159.4,3.853522062301636,4.490646133422851,0.29794921875,100,787.218592532
1e15,shape,shape-1e15-d96x3-k1.2,https://wandb.ai/maxence-frenette/chess-engine-4/runs/d1b8zzh2,d96x3,96,3,1200998,32346,16561152,125327378939904.0,1000023195357824.8,3.8534977436065674,4.467398567199707,0.3064453125,100,752.750407224
1e15,shape,shape-1e15-d96x4-k1.2,https://wandb.ai/maxence-frenette/chess-engine-4/runs/lqegy4cl,d96x4,96,4,1311686,30151,15437312,127103200975872.0,1000038758171400.8,4.336301803588867,4.495148093700409,0.29623046875,100,736.234485026
1e15,shape,shape-1e15-d112x2-k1.2,https://wandb.ai/maxence-frenette/chess-engine-4/runs/xwzgh19p,d112x2,112,2,1314726,29924,15321088,127292501852160.0,1000015546168752.4,3.8585634231567383,4.494654295444488,0.29166015625,100,773.847838464
1e15,shape,shape-1e15-d112x3-k1.2,https://wandb.ai/maxence-frenette/chess-engine-4/runs/c7ugbjkx,d112x3,112,3,1465366,27451,14054912,129506035092480.0,1000003779338766.8,4.799872398376465,4.468608767986297,0.30189453125,100,635.868820856
1e15,shape,shape-1e15-d128x2-k1.2,https://wandb.ai/maxence-frenette/chess-engine-4/runs/y9lwd1fh,d128x2,128,2,1551430,26102,13364224,130819314964480.0,1000015260925226.4,4.70234489440918,4.501173679828644,0.30228515625,100,600.640707969
1e15,shape,shape-1e15-d128x3-k1.2,https://wandb.ai/maxence-frenette/chess-engine-4/runs/u00pqi2a,d128x3,128,3,1748166,23735,12152320,133330637158400.0,1000017964299721.2,3.755693197250366,4.49073477268219,0.2965234375,100,597.164884267
1e16,shape,shape-1e16-d160x4-k1.2,https://wandb.ai/maxence-frenette/chess-engine-4/runs/kyhopniv,d160x4,160,4,2676422,64058,65595392,1093164131291136.0,1.00000011118127e+16,4.267875671386719,4.242111802101135,0.34830078125,100,3806.846508769
1e16,shape,shape-1e16-d160x5-k1.2,https://wandb.ai/maxence-frenette/chess-engine-4/runs/t9g2qa1e,d160x5,160,5,2983782,58686,60094464,1112496361021440.0,1.0000126664508266e+16,4.43019437789917,4.237644073963165,0.352099609375,100,2625.989026862
1e16,shape,shape-1e16-d192x3-k1.2,https://wandb.ai/maxence-frenette/chess-engine-4/runs/1c272u7o,d192x3,192,3,3063686,57161,58532864,1118379237847040.0,1.0000208607203022e+16,4.404287338256836,4.270438952445984,0.35310546875,100,2484.69968104
1e16,shape,shape-1e16-d176x4-k1.2,https://wandb.ai/maxence-frenette/chess-engine-4/runs/7i0j8583,d176x4,176,4,3079046,57073,58442752,1118701574172672.0,1.000000896855143e+16,4.726489067077637,4.274485106468201,0.35337890625,100,2467.632894507
1e16,shape,shape-1e16-d128x10-k1.2,https://wandb.ai/maxence-frenette/chess-engine-4/runs/d124n2q6,d128x10,128,10,3125318,56802,58165248,1119772343439360.0,1.0000056699530482e+16,4.143700122833252,4.273059027194977,0.3473828125,100,2918.858012764
1e16,shape,shape-1e16-d160x6-k1.2,https://wandb.ai/maxence-frenette/chess-engine-4/runs/0j9qoqiy,d160x6,160,6,3291142,54214,55515136,1130269404844032.0,1.000009814060566e+16,4.150386810302734,4.226299157142639,0.346298828125,100,2437.979723443
1e16,shape,shape-1e16-d144x8-k1.2,https://wandb.ai/maxence-frenette/chess-engine-4/runs/ytb2svsf,d144x8,144,8,3294278,54297,55600128,1129934268481536.0,1.0000192198930226e+16,4.322793483734131,4.2419009065628055,0.347314453125,100,2349.078018759
1e16,shape,shape-1e16-d192x4-k1.2,https://wandb.ai/maxence-frenette/chess-engine-4/runs/i3pzi11l,d192x4,192,4,3506246,51279,52509696,1142919216875520.0,1.0000079310778892e+16,4.194543838500977,4.2734340381622316,0.35341796875,100,2202.387914615
1e14,followup,followup-1e14-d24x1-k1.2,https://wandb.ai/maxence-frenette/chess-engine-4/runs/st36df3h,d24x1,24,1,225566,42809,8219328,11849468185152.0,100001352975494.08,5.2222747802734375,4.867728185653687,0.23026042193174362,100,577.852931287
1e14,followup,followup-1e14-d28x1-k1.2,https://wandb.ai/maxence-frenette/chess-engine-4/runs/py3g6vqs,d28x1,28,1,264194,37528,7205376,12165607276032.0,100001122900300.72,5.049935817718506,4.710677049160004,0.22760417327284813,100,405.612379805
1e14,followup,followup-1e14-d32x2-k1.2,https://wandb.ai/maxence-frenette/chess-engine-4/runs/wvdisod9,d32x2,32,2,315526,32427,6225984,12526617548160.0,100003493643306.86,4.245797634124756,4.65449028968811,0.24312500789761543,100,466.178887945
1e15,followup,followup-1e15-d72x3-k1.2,https://wandb.ai/maxence-frenette/chess-engine-4/runs/opt013ii,d72x3,72,3,839006,43490,22266880,118121456358400.0,1000015368535891.4,4.8357977867126465,4.491792223453522,0.29939453125,100,1081.245128293
1e15,followup,followup-1e15-d80x2-k1.2,https://wandb.ai/maxence-frenette/chess-engine-4/runs/bvczqnqf,d80x2,80,2,878182,41766,21384192,119080097107968.0,1000008650766986.8,4.8241095542907715,4.478932375907898,0.2986328125,100,934.090988408
1e15,followup,followup-1e15-d80x4-k1.2,https://wandb.ai/maxence-frenette/chess-engine-4/runs/1h0tmxxh,d80x4,80,4,1031942,36743,18812416,122171742486528.0,1000013103281550.8,4.69728946685791,4.49544252872467,0.2996875,100,877.61583933
1e15,followup,followup-1e15-d88x3-k1.2,https://wandb.ai/maxence-frenette/chess-engine-4/runs/gjo7qdqd,d88x3,88,3,1075726,35423,18136576,123068547617280.0,1000009540036745.2,3.964600801467895,4.563421921730042,0.30216796875,100,798.845431087
1e16,followup,followup-1e16-d152x6-k1.2,https://wandb.ai/maxence-frenette/chess-engine-4/runs/nrvpva2t,d152x6,152,6,3039126,57894,59283456,1115527602616320.0,1.000016192584512e+16,4.258878707885742,4.298166699409485,0.349990234375,100,2483.183852445
1e16,followup,followup-1e16-d160x7-k1.2,https://wandb.ai/maxence-frenette/chess-engine-4/runs/zpy0zcxf,d160x7,160,7,3598502,50429,51639296,1146746823327744.0,1.0000083284610658e+16,4.71162223815918,4.288026654720307,0.3526171875,100,2544.114855441
1e16,followup,followup-1e16-d168x6-k1.2,https://wandb.ai/maxence-frenette/chess-engine-4/runs/kdvc58rm,d168x6,168,6,3552374,50905,52126720,1144586789248000.0,1.000001882035497e+16,4.683835029602051,4.250444276332855,0.353359375,100,2105.679277092
