name,id,wandb_url,phase,ratio,width,depth,batch_size,steps,lr,recipe_lr,loss,policy_top1,loss_spike_count,runtime_sec,flops,selected
dense-lr32d-r0p5-d32-m050,fww1by9c,https://wandb.ai/maxence-frenette/chess-engine-4/runs/fww1by9c,sweep,0.5,32,2,1024,7776,0.0019499999999999997,0.0042,3.860507006091935,0.24458606655244247,0,56.443833813,15981034143744,False
dense-lr32d-r0p5-d32-m070,fia6o3ml,https://wandb.ai/maxence-frenette/chess-engine-4/runs/fia6o3ml,sweep,0.5,32,2,1024,7776,0.00273,0.0042,3.857561574284482,0.2453235318838768,0,25.301635823,15981034143744,False
dense-lr32d-r0p5-d32-m100,jrp2q8at,https://wandb.ai/maxence-frenette/chess-engine-4/runs/jrp2q8at,sweep,0.5,32,2,1024,7776,0.0038999999999999994,0.0042,3.857117903316467,0.24535397777849677,0,48.258598213,15981034143744,True
dense-lr32d-r0p5-d32-m140,ct8e2iup,https://wandb.ai/maxence-frenette/chess-engine-4/runs/ct8e2iup,sweep,0.5,32,2,1024,7776,0.00546,0.0042,3.8660273481424015,0.24552844414630132,0,21.872687923,15981034143744,False
dense-lr32d-recipe-r0p5-d32,qci1bzm0,https://wandb.ai/maxence-frenette/chess-engine-4/runs/qci1bzm0,validation,0.5,32,2,1024,7776,0.0051,0.0042,3.8605811631405302,0.2465492030273353,0,36.177981049,15981034143744,False
dense-lr32d-r0p5-d64-m050,3uz2va8j,https://wandb.ai/maxence-frenette/chess-engine-4/runs/3uz2va8j,sweep,0.5,64,3,2048,8953,0.00135,0.0022,3.642682459759262,0.2906443056247612,0,31.172840602,84357990850560,False
dense-lr32d-r0p5-d64-m070,6gc3d7y4,https://wandb.ai/maxence-frenette/chess-engine-4/runs/6gc3d7y4,sweep,0.5,64,3,2048,8953,0.00189,0.0022,3.6387977348890743,0.29177565246853343,0,34.496967082,84357990850560,True
dense-lr32d-r0p5-d64-m100,xfapf5wa,https://wandb.ai/maxence-frenette/chess-engine-4/runs/xfapf5wa,sweep,0.5,64,3,2048,8953,0.0027,0.0022,3.6425560735549944,0.2913573580693186,0,30.015759951,84357990850560,False
dense-lr32d-recipe-r0p5-d64,nvuzd7dy,https://wandb.ai/maxence-frenette/chess-engine-4/runs/nvuzd7dy,validation,0.5,64,3,2048,8953,0.0029,0.0022,3.6408146767586462,0.29075059496843175,0,49.073514712,84357990850560,False
dense-lr32d-r0p5-d128-m035,jtea4ocu,https://wandb.ai/maxence-frenette/chess-engine-4/runs/jtea4ocu,sweep,0.5,128,4,4096,11942,0.0005949999999999999,0.0011,3.414112713377227,0.344930795306742,0,66.199862965,594263293116416,False
dense-lr32d-r0p5-d128-m050,b073bx38,https://wandb.ai/maxence-frenette/chess-engine-4/runs/b073bx38,sweep,0.5,128,4,4096,11942,0.00085,0.0011,3.4024477641860176,0.34861697852456247,0,71.645441248,594263293116416,True
dense-lr32d-r0p5-d128-m070,jy2xqmph,https://wandb.ai/maxence-frenette/chess-engine-4/runs/jy2xqmph,sweep,0.5,128,4,4096,11942,0.0011899999999999999,0.0011,3.409753207520708,0.3488862275949064,0,62.60812863,594263293116416,False
dense-lr32d-r0p5-d128-m100,ww046gxv,https://wandb.ai/maxence-frenette/chess-engine-4/runs/ww046gxv,sweep,0.5,128,4,4096,11942,0.0017,0.0011,3.414118518106856,0.3472240068658185,0,48.212141174,594263293116416,False
dense-lr32d-recipe-r0p5-d128,pogf6d7i,https://wandb.ai/maxence-frenette/chess-engine-4/runs/pogf6d7i,validation,0.5,128,4,4096,11942,0.0016,0.0011,3.4056801775448013,0.3483916554764561,0,79.422974264,594263293116416,False
dense-lr32d-r0p5-d256-m050,htk16q2o,https://wandb.ai/maxence-frenette/chess-engine-4/runs/htk16q2o,sweep,0.5,256,5,8192,19136,0.0005,0.00046,3.168531507296671,0.4103211770437801,0,237.881205633,6028343451320320,False
dense-lr32d-r0p5-d256-m070,f287rgtv,https://wandb.ai/maxence-frenette/chess-engine-4/runs/f287rgtv,sweep,0.5,256,5,8192,19136,0.0007000000000000001,0.00046,3.1618198516633473,0.4127636324133133,0,211.115340155,6028343451320320,False
dense-lr32d-r0p5-d256-m100,y2ckc0de,https://wandb.ai/maxence-frenette/chess-engine-4/runs/y2ckc0de,sweep,0.5,256,5,8192,19136,0.001,0.00046,3.1602674582194825,0.41291075064395566,0,122.697900485,6028343451320320,False
dense-lr32d-r0p5-d256-m140,g5rhafvp,https://wandb.ai/maxence-frenette/chess-engine-4/runs/g5rhafvp,sweep,0.5,256,5,8192,19136,0.0014000000000000002,0.00046,3.1923689541073053,0.4070232594640143,1,221.691577906,6028343451320320,False
dense-lr32d-recipe-r0p5-d256,ww1di2gn,https://wandb.ai/maxence-frenette/chess-engine-4/runs/ww1di2gn,validation,0.5,256,5,8192,19136,0.00089,0.00046,3.158220625303896,0.4134680958897275,0,247.587903038,6028343451320320,True
dense-lr32d-r0p2-d32-m050,jnhw61us,https://wandb.ai/maxence-frenette/chess-engine-4/runs/jnhw61us,sweep,0.2,32,2,1024,3110,0.0026,0.0074,4.229363685549956,0.1976327680533893,0,16.220002113,6391591587840,False
dense-lr32d-r0p2-d32-m070,iju7sn3y,https://wandb.ai/maxence-frenette/chess-engine-4/runs/iju7sn3y,sweep,0.2,32,2,1024,3110,0.00364,0.0074,4.209202404711428,0.2010080688145705,0,11.391749875,6391591587840,False
dense-lr32d-r0p2-d32-m100,2m4gy1r0,https://wandb.ai/maxence-frenette/chess-engine-4/runs/2m4gy1r0,sweep,0.2,32,2,1024,3110,0.0052,0.0074,4.198493092646502,0.20175174097376256,0,23.924132454,6391591587840,False
dense-lr32d-r0p2-d32-m140,p576i165,https://wandb.ai/maxence-frenette/chess-engine-4/runs/p576i165,sweep,0.2,32,2,1024,3110,0.00728,0.0074,4.200026430880943,0.20234153900494412,0,20.78852617,6391591587840,False
dense-lr32d-r0p2-d32-m200,6iqfgsgp,https://wandb.ai/maxence-frenette/chess-engine-4/runs/6iqfgsgp,sweep,0.2,32,2,1024,3110,0.0104,0.0074,4.200012028906542,0.2016414289494036,0,13.564818255,6391591587840,False
dense-lr32d-recipe-r0p2-d32,05b859l9,https://wandb.ai/maxence-frenette/chess-engine-4/runs/05b859l9,validation,0.2,32,2,1024,3110,0.0094,0.0074,4.1938720909175435,0.2006001039559256,0,13.253487856,6391591587840,True
dense-lr32d-r0p2-d64-m050,fcc4abq1,https://wandb.ai/maxence-frenette/chess-engine-4/runs/fcc4abq1,sweep,0.2,64,3,2048,3581,0.0018,0.004,3.991983775223842,0.24503030037676465,0,25.494927421,33741311877120,False
dense-lr32d-r0p2-d64-m070,w64jz0tl,https://wandb.ai/maxence-frenette/chess-engine-4/runs/w64jz0tl,sweep,0.2,64,3,2048,3581,0.00252,0.004,3.973694775601215,0.2470955115705822,0,23.440536303,33741311877120,False
dense-lr32d-r0p2-d64-m100,i3kypse5,https://wandb.ai/maxence-frenette/chess-engine-4/runs/i3kypse5,sweep,0.2,64,3,2048,3581,0.0036,0.004,3.9691022266510623,0.24880912906451869,0,22.859601454,33741311877120,False
dense-lr32d-r0p2-d64-m140,p5t66rx4,https://wandb.ai/maxence-frenette/chess-engine-4/runs/p5t66rx4,sweep,0.2,64,3,2048,3581,0.00504,0.004,3.9670003316589217,0.24885282052355903,0,15.748018461,33741311877120,False
dense-lr32d-r0p2-d64-m200,5k3ttzy5,https://wandb.ai/maxence-frenette/chess-engine-4/runs/5k3ttzy5,sweep,0.2,64,3,2048,3581,0.0072,0.004,3.971230867819905,0.24794105590062915,0,15.116194086,33741311877120,False
dense-lr32d-r0p2-d64-m280,pd0222m4,https://wandb.ai/maxence-frenette/chess-engine-4/runs/pd0222m4,sweep,0.2,64,3,2048,3581,0.01008,0.004,3.9773865111198496,0.24746162295792057,0,22.965517265,33741311877120,False
dense-lr32d-recipe-r0p2-d64,l3lwxdvw,https://wandb.ai/maxence-frenette/chess-engine-4/runs/l3lwxdvw,validation,0.2,64,3,2048,3581,0.004,0.004,3.9647239001527206,0.24976604247661136,0,23.180489872,33741311877120,True
dense-lr32d-r0p2-d128-m035,6ipwsjzb,https://wandb.ai/maxence-frenette/chess-engine-4/runs/6ipwsjzb,sweep,0.2,128,4,4096,4777,0.000805,0.0019,3.6226754367863943,0.30590401222336044,0,20.767941938,237715269738496,False
dense-lr32d-r0p2-d128-m050,x8xk6wj9,https://wandb.ai/maxence-frenette/chess-engine-4/runs/x8xk6wj9,sweep,0.2,128,4,4096,4777,0.00115,0.0019,3.600797910944846,0.31068421380311717,0,20.117298446,237715269738496,True
dense-lr32d-r0p2-d128-m070,rwntnmds,https://wandb.ai/maxence-frenette/chess-engine-4/runs/rwntnmds,sweep,0.2,128,4,4096,4777,0.00161,0.0019,3.616661519192798,0.3074973323399636,0,33.730604491,237715269738496,False
dense-lr32d-r0p2-d128-m100,ofwx1cwq,https://wandb.ai/maxence-frenette/chess-engine-4/runs/ofwx1cwq,sweep,0.2,128,4,4096,4777,0.0023,0.0019,3.6279224004787114,0.3065971819621929,0,31.301001097,237715269738496,False
dense-lr32d-recipe-r0p2-d128,oap3agte,https://wandb.ai/maxence-frenette/chess-engine-4/runs/oap3agte,validation,0.2,128,4,4096,4777,0.0019,0.0019,3.607715803229079,0.3085404960877543,0,33.917491351,237715269738496,False
dense-lr32d-r0p2-d256-m035,cdffoi3y,https://wandb.ai/maxence-frenette/chess-engine-4/runs/cdffoi3y,sweep,0.2,256,5,8192,7655,0.00049,0.00082,3.326284028366093,0.3715946869292411,0,114.007684071,2411526396313600,False
dense-lr32d-r0p2-d256-m050,6f8geq1i,https://wandb.ai/maxence-frenette/chess-engine-4/runs/6f8geq1i,sweep,0.2,256,5,8192,7655,0.0006999999999999999,0.00082,3.3097670518882207,0.3754846889048324,0,84.674923673,2411526396313600,False
dense-lr32d-r0p2-d256-m070,sy58ts2i,https://wandb.ai/maxence-frenette/chess-engine-4/runs/sy58ts2i,sweep,0.2,256,5,8192,7655,0.00098,0.00082,3.310203008918838,0.3748317561257865,0,99.856659245,2411526396313600,False
dense-lr32d-r0p2-d256-m100,ki977sie,https://wandb.ai/maxence-frenette/chess-engine-4/runs/ki977sie,sweep,0.2,256,5,8192,7655,0.0013999999999999998,0.00082,3.334237079473817,0.3700001349157516,0,90.815676058,2411526396313600,False
dense-lr32d-recipe-r0p2-d256,tlkib3fr,https://wandb.ai/maxence-frenette/chess-engine-4/runs/tlkib3fr,validation,0.2,256,5,8192,7655,0.00096,0.00082,3.30578255726161,0.3745033533327211,0,85.161845457,2411526396313600,True
dense-lr32d-r0p1-d32-m050,l94d8rdy,https://wandb.ai/maxence-frenette/chess-engine-4/runs/l94d8rdy,sweep,0.1,32,2,1024,1555,0.0032,0.011,5.09974657874183,0.15245143129464653,0,8.282932662,3195795793920,False
dense-lr32d-r0p1-d32-m070,9c3gt5fr,https://wandb.ai/maxence-frenette/chess-engine-4/runs/9c3gt5fr,sweep,0.1,32,2,1024,1555,0.0044800000000000005,0.011,5.043744742240775,0.1537013034119901,0,8.044986423,3195795793920,False
dense-lr32d-r0p1-d32-m100,t85l3h22,https://wandb.ai/maxence-frenette/chess-engine-4/runs/t85l3h22,sweep,0.1,32,2,1024,1555,0.0064,0.011,5.013158953631574,0.1535772138528774,0,13.182565867,3195795793920,False
dense-lr32d-r0p1-d32-m140,1flpdbsb,https://wandb.ai/maxence-frenette/chess-engine-4/runs/1flpdbsb,sweep,0.1,32,2,1024,1555,0.008960000000000001,0.011,5.006546887326873,0.15113043240562798,0,7.379760526,3195795793920,False
dense-lr32d-r0p1-d32-m200,p6vw7h74,https://wandb.ai/maxence-frenette/chess-engine-4/runs/p6vw7h74,sweep,0.1,32,2,1024,1555,0.0128,0.011,4.991196713363709,0.15154006484556565,0,13.675940906,3195795793920,False
dense-lr32d-r0p1-d32-m280,418gqsdy,https://wandb.ai/maxence-frenette/chess-engine-4/runs/418gqsdy,sweep,0.1,32,2,1024,1555,0.017920000000000002,0.011,4.983552026653555,0.150702436839359,0,6.567622858,3195795793920,True
dense-lr32d-r0p1-d32-m400,w5qgmszh,https://wandb.ai/maxence-frenette/chess-engine-4/runs/w5qgmszh,sweep,0.1,32,2,1024,1555,0.0256,0.011,4.987103584358361,0.15026217229482677,0,7.767011565,3195795793920,False
dense-lr32d-recipe-r0p1-d32,3ni1clo9,https://wandb.ai/maxence-frenette/chess-engine-4/runs/3ni1clo9,validation,0.1,32,2,1024,1555,0.015,0.011,4.988235878986888,0.1518055731419465,0,13.999954302,3195795793920,False
dense-lr32d-r0p1-d64-m050,01aql709,https://wandb.ai/maxence-frenette/chess-engine-4/runs/01aql709,sweep,0.1,64,3,2048,1791,0.0022,0.0062,4.796556704593212,0.18335317220095423,0,15.252606568,16875367096320,False
dense-lr32d-r0p1-d64-m070,zvszv8nj,https://wandb.ai/maxence-frenette/chess-engine-4/runs/zvszv8nj,sweep,0.1,64,3,2048,1791,0.00308,0.0062,4.748906288114179,0.18625289416773552,0,7.91166821,16875367096320,False
dense-lr32d-r0p1-d64-m100,g08f92m4,https://wandb.ai/maxence-frenette/chess-engine-4/runs/g08f92m4,sweep,0.1,64,3,2048,1791,0.0044,0.0062,4.717362149161435,0.18800783249089575,0,14.61555311,16875367096320,False
dense-lr32d-r0p1-d64-m140,q80z89uf,https://wandb.ai/maxence-frenette/chess-engine-4/runs/q80z89uf,sweep,0.1,64,3,2048,1791,0.00616,0.0062,4.705596903219057,0.18747563670535708,0,15.101931275,16875367096320,False
dense-lr32d-r0p1-d64-m200,amf11yb7,https://wandb.ai/maxence-frenette/chess-engine-4/runs/amf11yb7,sweep,0.1,64,3,2048,1791,0.0088,0.0062,4.699050405502729,0.18705868163031733,0,16.497668634,16875367096320,True
dense-lr32d-r0p1-d64-m280,evjcw0yl,https://wandb.ai/maxence-frenette/chess-engine-4/runs/evjcw0yl,sweep,0.1,64,3,2048,1791,0.01232,0.0062,4.699488451144184,0.18651084223359635,0,13.127704617,16875367096320,False
dense-lr32d-r0p1-d64-m400,vyjmfsr0,https://wandb.ai/maxence-frenette/chess-engine-4/runs/vyjmfsr0,sweep,0.1,64,3,2048,1791,0.0176,0.0062,4.718832411032091,0.18154805350424985,0,16.584767094,16875367096320,False
dense-lr32d-recipe-r0p1-d64,1z3zm71q,https://wandb.ai/maxence-frenette/chess-engine-4/runs/1z3zm71q,validation,0.1,64,3,2048,1791,0.0052,0.0062,4.710618665317712,0.1875324681487729,0,25.556631076,16875367096320,False
dense-lr32d-r0p1-d128-m050,lfr3rpqt,https://wandb.ai/maxence-frenette/chess-engine-4/runs/lfr3rpqt,sweep,0.1,128,4,4096,2388,0.0013999999999999998,0.003,4.2115069550919815,0.2468280604999764,0,20.443557708,118832753639424,False
dense-lr32d-r0p1-d128-m070,f6z8w9e2,https://wandb.ai/maxence-frenette/chess-engine-4/runs/f6z8w9e2,sweep,0.1,128,4,4096,2388,0.00196,0.003,4.148238274266154,0.2502710778804848,0,17.161759938,118832753639424,True
dense-lr32d-r0p1-d128-m100,82ssprhz,https://wandb.ai/maxence-frenette/chess-engine-4/runs/82ssprhz,sweep,0.1,128,4,4096,2388,0.0027999999999999995,0.003,4.163556933026417,0.250676094069314,0,21.203276003,118832753639424,False
dense-lr32d-recipe-r0p1-d128,vodxei00,https://wandb.ai/maxence-frenette/chess-engine-4/runs/vodxei00,validation,0.1,128,4,4096,2388,0.0022,0.003,4.165894274607931,0.2500237516493306,0,22.21523836,118832753639424,False
dense-lr32d-r0p1-d256-m035,jotge8jw,https://wandb.ai/maxence-frenette/chess-engine-4/runs/jotge8jw,sweep,0.1,256,5,8192,3827,0.0005949999999999999,0.0013,3.600254925647058,0.3255459434914734,0,52.039143949,1205605685002240,False
dense-lr32d-r0p1-d256-m050,5kwovqd0,https://wandb.ai/maxence-frenette/chess-engine-4/runs/5kwovqd0,sweep,0.1,256,5,8192,3827,0.00085,0.0013,3.572377951815158,0.3300335900829766,0,46.117353174,1205605685002240,False
dense-lr32d-r0p1-d256-m070,r4752540,https://wandb.ai/maxence-frenette/chess-engine-4/runs/r4752540,sweep,0.1,256,5,8192,3827,0.0011899999999999999,0.0013,3.5727250607893044,0.32860221800853434,0,62.294102808,1205605685002240,False
dense-lr32d-r0p1-d256-m100,1v7mzlkf,https://wandb.ai/maxence-frenette/chess-engine-4/runs/1v7mzlkf,sweep,0.1,256,5,8192,3827,0.0017,0.0013,3.596638030694623,0.3201727387018962,0,53.679369763,1205605685002240,False
dense-lr32d-recipe-r0p1-d256,55gubwxk,https://wandb.ai/maxence-frenette/chess-engine-4/runs/55gubwxk,validation,0.1,256,5,8192,3827,0.001,0.0013,3.5635561991483637,0.33056720951692353,0,68.520821891,1205605685002240,True
