budget,run_name,batch_size,lr,d_model,depth,params,non_embedding_params,computed_steps,samples_seen,flops_seen,loss_ema,final_loss,runtime_sec,wandb_url
1e13,lrbs-1e13-b128-lr3e-4,128,0.0003,64,2,678342,98432,18130,2320640,10000422136320.0,4.861027264165719,6.107413291931152,200.44696088,https://wandb.ai/maxence-frenette/chess-engine-4/runs/84saroq9
1e13,lrbs-1e13-b128-lr1e-3,128,0.001,64,2,678342,98432,18130,2320640,10000422136320.0,4.842785354998332,6.100905895233154,197.957105531,https://wandb.ai/maxence-frenette/chess-engine-4/runs/9mcnmq0z
1e13,lrbs-1e13-b128-lr3e-3,128,0.003,64,2,678342,98432,18130,2320640,10000422136320.0,4.871406811210799,6.128366947174072,184.746983595,https://wandb.ai/maxence-frenette/chess-engine-4/runs/b261oqjc
1e13,lrbs-1e13-b192-lr3e-4,192,0.0003,64,2,678342,98432,12087,2320704,10000697933952.0,4.876216256983224,5.516953468322754,155.877175933,https://wandb.ai/maxence-frenette/chess-engine-4/runs/pjpyfcd3
1e13,lrbs-1e13-b192-lr1e-3,192,0.001,64,2,678342,98432,12087,2320704,10000697933952.0,4.842133453085819,5.594171047210693,149.77887032,https://wandb.ai/maxence-frenette/chess-engine-4/runs/ilkvziij
1e13,lrbs-1e13-b192-lr3e-3,192,0.003,64,2,678342,98432,12087,2320704,10000697933952.0,4.865259354494869,5.646617889404297,157.506298053,https://wandb.ai/maxence-frenette/chess-engine-4/runs/855ce22b
1e13,lrbs-1e13-b256-lr3e-4,256,0.0003,64,2,678342,98432,9065,2320640,10000422136320.0,4.894535852343736,5.721861839294434,137.119880439,https://wandb.ai/maxence-frenette/chess-engine-4/runs/5bngw2d1
1e13,lrbs-1e13-b256-lr1e-3,256,0.001,64,2,678342,98432,9065,2320640,10000422136320.0,4.845472482331676,5.828507423400879,142.183661261,https://wandb.ai/maxence-frenette/chess-engine-4/runs/03r7wwgy
1e13,lrbs-1e13-b256-lr3e-3,256,0.003,64,2,678342,98432,9065,2320640,10000422136320.0,4.867691585683521,5.898735523223877,131.8973472,https://wandb.ai/maxence-frenette/chess-engine-4/runs/po26iarx
1e13,lrbs-1e13-b384-lr3e-4,384,0.0003,64,2,678342,98432,6044,2320896,10001525326848.0,4.945292745170581,5.143099784851074,111.991189781,https://wandb.ai/maxence-frenette/chess-engine-4/runs/fqluiar3
1e13,lrbs-1e13-b384-lr1e-3,384,0.001,64,2,678342,98432,6044,2320896,10001525326848.0,4.849777516707938,5.132538795471191,123.038390754,https://wandb.ai/maxence-frenette/chess-engine-4/runs/4lefk6ft
1e13,lrbs-1e13-b384-lr3e-3,384,0.003,64,2,678342,98432,6044,2320896,10001525326848.0,4.855045681015267,5.218372344970703,120.55768289,https://wandb.ai/maxence-frenette/chess-engine-4/runs/eka3vz5u
1e13,lrbs-1e13-b512-lr3e-4,512,0.0003,64,2,678342,98432,4533,2320896,10001525326848.0,5.042048280288523,5.159674167633057,103.030669643,https://wandb.ai/maxence-frenette/chess-engine-4/runs/kw1hy53e
1e13,lrbs-1e13-b512-lr1e-3,512,0.001,64,2,678342,98432,4533,2320896,10001525326848.0,4.859977061478625,5.244417190551758,106.846734333,https://wandb.ai/maxence-frenette/chess-engine-4/runs/ru6d000d
1e13,lrbs-1e13-b512-lr3e-3,512,0.003,64,2,678342,98432,4533,2320896,10001525326848.0,4.853416149694391,5.294605255126953,108.762986598,https://wandb.ai/maxence-frenette/chess-engine-4/runs/qwgb7p27
1e13,lrbs-1e13-b768-lr3e-4,768,0.0003,64,2,678342,98432,3022,2320896,10001525326848.0,5.385948677308576,5.075492858886719,95.143508549,https://wandb.ai/maxence-frenette/chess-engine-4/runs/fllfzd44
1e13,lrbs-1e13-b768-lr1e-3,768,0.001,64,2,678342,98432,3022,2320896,10001525326848.0,4.8749956150972675,5.440310478210449,94.469697848,https://wandb.ai/maxence-frenette/chess-engine-4/runs/j9smseef
1e13,lrbs-1e13-b768-lr3e-3,768,0.003,64,2,678342,98432,3022,2320896,10001525326848.0,4.85883360839906,5.501035690307617,102.707275607,https://wandb.ai/maxence-frenette/chess-engine-4/runs/02pisn7f
1e14,lrbs-1e14-b256-lr1e-4,256,0.0001,160,3,2369062,922080,26362,6748672,100002199621632.0,4.705590976073719,4.852184295654297,436.353176913,https://wandb.ai/maxence-frenette/chess-engine-4/runs/174dt9bo
1e14,lrbs-1e14-b256-lr3e-4,256,0.0003,160,3,2369062,922080,26362,6748672,100002199621632.0,4.639130575271124,4.759700298309326,425.441558865,https://wandb.ai/maxence-frenette/chess-engine-4/runs/ghjsm3zv
1e14,lrbs-1e14-b256-lr1e-3,256,0.001,160,3,2369062,922080,26362,6748672,100002199621632.0,4.62199835455175,4.686059951782227,418.837423433,https://wandb.ai/maxence-frenette/chess-engine-4/runs/2zlyjs55
1e14,lrbs-1e14-b384-lr1e-4,384,0.0001,160,3,2369062,922080,17575,6748800,100004096332800.0,4.72763375816065,4.512576103210449,339.002195254,https://wandb.ai/maxence-frenette/chess-engine-4/runs/pzafy9pe
1e14,lrbs-1e14-b384-lr3e-4,384,0.0003,160,3,2369062,922080,17575,6748800,100004096332800.0,4.65088354354538,4.473653793334961,343.943467788,https://wandb.ai/maxence-frenette/chess-engine-4/runs/cpf42jqf
1e14,lrbs-1e14-b384-lr1e-3,384,0.001,160,3,2369062,922080,17575,6748800,100004096332800.0,4.624831777593691,4.371480941772461,355.942488033,https://wandb.ai/maxence-frenette/chess-engine-4/runs/3i2gg3jy
1e14,lrbs-1e14-b512-lr1e-4,512,0.0001,160,3,2369062,922080,13181,6748672,100002199621632.0,4.750948094237949,4.601340293884277,343.154428414,https://wandb.ai/maxence-frenette/chess-engine-4/runs/lmfdgu3n
1e14,lrbs-1e14-b512-lr3e-4,512,0.0003,160,3,2369062,922080,13181,6748672,100002199621632.0,4.662993939470917,4.63886833190918,335.171974254,https://wandb.ai/maxence-frenette/chess-engine-4/runs/4vpblm9y
1e14,lrbs-1e14-b512-lr1e-3,512,0.001,160,3,2369062,922080,13181,6748672,100002199621632.0,4.626308870625753,4.538122177124023,370.223276204,https://wandb.ai/maxence-frenette/chess-engine-4/runs/x7vx47tk
1e14,lrbs-1e14-b768-lr1e-4,768,0.0001,160,3,2369062,922080,8788,6749184,100009786466304.0,4.811594772295112,4.739751815795898,295.585452902,https://wandb.ai/maxence-frenette/chess-engine-4/runs/lu7whhre
1e14,lrbs-1e14-b768-lr3e-4,768,0.0003,160,3,2369062,922080,8788,6749184,100009786466304.0,4.680370890945616,4.789704322814941,308.952183567,https://wandb.ai/maxence-frenette/chess-engine-4/runs/rj8v5zgq
1e14,lrbs-1e14-b768-lr1e-3,768,0.001,160,3,2369062,922080,8788,6749184,100009786466304.0,4.633481812174117,4.8012003898620605,302.828833751,https://wandb.ai/maxence-frenette/chess-engine-4/runs/cvc2o4w4
1e14,lrbs-1e14-b1024-lr1e-4,1024,0.0001,160,3,2369062,922080,6591,6749184,100009786466304.0,4.92925668379126,4.601257801055908,262.756944668,https://wandb.ai/maxence-frenette/chess-engine-4/runs/1krj5tjm
1e14,lrbs-1e14-b1024-lr3e-4,1024,0.0003,160,3,2369062,922080,6591,6749184,100009786466304.0,4.695937159333324,4.625612735748291,292.793717287,https://wandb.ai/maxence-frenette/chess-engine-4/runs/c4fjyovr
1e14,lrbs-1e14-b1024-lr1e-3,1024,0.001,160,3,2369062,922080,6591,6749184,100009786466304.0,4.643105567356042,4.676724433898926,322.590859334,https://wandb.ai/maxence-frenette/chess-engine-4/runs/9qjq8fhe
1e14,lrbs-1e14-b1536-lr1e-4,1536,0.0001,160,3,2369062,922080,4394,6749184,100009786466304.0,5.292255446733485,4.728389739990234,329.400568079,https://wandb.ai/maxence-frenette/chess-engine-4/runs/ng1wadc4
1e14,lrbs-1e14-b1536-lr3e-4,1536,0.0003,160,3,2369062,922080,4394,6749184,100009786466304.0,4.724784478495469,4.528412342071533,344.41342473,https://wandb.ai/maxence-frenette/chess-engine-4/runs/1pyyk8dp
1e14,lrbs-1e14-b1536-lr1e-3,1536,0.001,160,3,2369062,922080,4394,6749184,100009786466304.0,4.655408572752801,4.482645034790039,330.107442151,https://wandb.ai/maxence-frenette/chess-engine-4/runs/2fp51jmo
1e15,lrbs-1e15-b512-lr1e-4,512,0.0001,384,6,14089286,10619136,22709,11627008,1000024005747712.0,4.559150758297013,4.65311336517334,738.174469584,https://wandb.ai/maxence-frenette/chess-engine-4/runs/czr67fro
1e15,lrbs-1e15-b512-lr3e-4,512,0.0003,384,6,14089286,10619136,22709,11627008,1000024005747712.0,4.5439527093343335,4.689766883850098,758.413224156,https://wandb.ai/maxence-frenette/chess-engine-4/runs/c0mqj9fu
1e15,lrbs-1e15-b512-lr1e-3,512,0.001,384,6,14089286,10619136,22709,11627008,1000024005747712.0,4.631556811045963,4.7718186378479,759.726238726,https://wandb.ai/maxence-frenette/chess-engine-4/runs/3tuaa7hk
1e15,lrbs-1e15-b768-lr1e-4,768,0.0001,384,6,14089286,10619136,15139,11626752,1000001987516928.0,4.572301919433404,4.5882039070129395,691.646375934,https://wandb.ai/maxence-frenette/chess-engine-4/runs/5uyyarhg
1e15,lrbs-1e15-b768-lr3e-4,768,0.0003,384,6,14089286,10619136,15139,11626752,1000001987516928.0,4.5422237626940305,4.529114246368408,679.827388238,https://wandb.ai/maxence-frenette/chess-engine-4/runs/ezazcin8
1e15,lrbs-1e15-b768-lr1e-3,768,0.001,384,6,14089286,10619136,15139,11626752,1000001987516928.0,4.599925211194196,4.567641735076904,667.456947766,https://wandb.ai/maxence-frenette/chess-engine-4/runs/xqrcatd8
1e15,lrbs-1e15-b1024-lr1e-4,1024,0.0001,384,6,14089286,10619136,11355,11627520,1000068042209280.0,4.584618261618425,4.5987348556518555,625.948959687,https://wandb.ai/maxence-frenette/chess-engine-4/runs/kvih972f
1e15,lrbs-1e15-b1024-lr3e-4,1024,0.0003,384,6,14089286,10619136,11355,11627520,1000068042209280.0,4.543050645638273,4.576581954956055,641.416267386,https://wandb.ai/maxence-frenette/chess-engine-4/runs/vvzjjjuq
1e15,lrbs-1e15-b1024-lr1e-3,1024,0.001,384,6,14089286,10619136,11355,11627520,1000068042209280.0,4.58368896833834,4.5973968505859375,651.527850675,https://wandb.ai/maxence-frenette/chess-engine-4/runs/2qaaz3r0
1e15,lrbs-1e15-b1536-lr1e-4,1536,0.0001,384,6,14089286,10619136,7570,11627520,1000068042209280.0,4.608285410109901,4.541723728179932,700.940761464,https://wandb.ai/maxence-frenette/chess-engine-4/runs/xf6nt31i
1e15,lrbs-1e15-b1536-lr3e-4,1536,0.0003,384,6,14089286,10619136,7570,11627520,1000068042209280.0,4.55457827509866,4.498690128326416,757.14279759,https://wandb.ai/maxence-frenette/chess-engine-4/runs/undo4sri
1e15,lrbs-1e15-b1536-lr1e-3,1536,0.001,384,6,14089286,10619136,7570,11627520,1000068042209280.0,4.6086675103764945,4.595751762390137,749.943054213,https://wandb.ai/maxence-frenette/chess-engine-4/runs/696f3ozj
1e15,lrbs-1e15-b2048-lr1e-4,2048,0.0001,384,6,14089286,10619136,5678,11628544,1000156115132416.0,4.640929212972771,4.504249572753906,705.266382285,https://wandb.ai/maxence-frenette/chess-engine-4/runs/oi42b9gi
1e15,lrbs-1e15-b2048-lr3e-4,2048,0.0003,384,6,14089286,10619136,5678,11628544,1000156115132416.0,4.561492759771979,4.4161376953125,697.522895465,https://wandb.ai/maxence-frenette/chess-engine-4/runs/10b9ch3v
1e15,lrbs-1e15-b2048-lr1e-3,2048,0.001,384,6,14089286,10619136,5678,11628544,1000156115132416.0,4.591579069511496,4.495594024658203,698.252934324,https://wandb.ai/maxence-frenette/chess-engine-4/runs/myvx0ljk
1e15,lrbs-1e15-b3072-lr1e-4,3072,0.0001,384,6,14089286,10619136,3785,11627520,1000068042209280.0,4.739372976404219,4.588270664215088,708.402118127,https://wandb.ai/maxence-frenette/chess-engine-4/runs/b3jm0jra
1e15,lrbs-1e15-b3072-lr3e-4,3072,0.0003,384,6,14089286,10619136,3785,11627520,1000068042209280.0,4.577063508738343,4.538099765777588,773.291588927,https://wandb.ai/maxence-frenette/chess-engine-4/runs/et0z49g7
1e15,lrbs-1e15-b3072-lr1e-3,3072,0.001,384,6,14089286,10619136,3785,11627520,1000068042209280.0,4.6430219845424485,4.596167087554932,695.293506588,https://wandb.ai/maxence-frenette/chess-engine-4/runs/7z2ybjtf
