budget,run_name,d_model,depth,params,non_embedding_params,batch_size,lr,computed_steps,samples_seen,flops_seen,final_loss,wandb_url,state,loss_tail_mean,policy_top1_tail_mean,loss_tail_count,policy_top1_tail_count
1e13,shape2-1e13-d32x1,32,1,303206,12320,192,0.001,26883,5161536,10000269538560,4.951050281524658,https://wandb.ai/maxence-frenette/chess-engine-4/runs/2zi5hubr,finished,4.8036969590187075,0.22437500663101673,100,100
1e13,shape2-1e13-d48x1,48,1,463094,27696,192,0.001,17616,3382272,10000397445120,4.960929870605469,https://wandb.ai/maxence-frenette/chess-engine-4/runs/fn34qq8s,finished,4.727134048938751,0.2202083384990692,100,100
1e13,shape2-1e13-d64x1,64,1,629126,49216,192,0.001,12980,2492160,10000599459840,5.254940032958984,https://wandb.ai/maxence-frenette/chess-engine-4/runs/cbfw9rbp,finished,4.87146082162857,0.22838542349636554,100,100
1e13,shape2-1e13-d96x1,96,1,979622,110688,192,0.001,8353,1603776,10000576191744,4.1148786544799805,https://wandb.ai/maxence-frenette/chess-engine-4/runs/oeyh5t6d,finished,4.931789679527283,0.20312500588595866,100,100
1e13,shape2-1e13-d48x2,48,2,490790,55392,192,0.001,16674,3201408,10000558310400,5.189362049102783,https://wandb.ai/maxence-frenette/chess-engine-4/runs/qfyjy6lz,finished,4.789777731895446,0.22078125569969415,100,100
1e13,shape2-1e13-d64x2,64,2,678342,98432,192,0.001,12087,2320704,10000697933952,5.594171047210693,https://wandb.ai/maxence-frenette/chess-engine-4/runs/ocnbu3pa,finished,4.8602030873298645,0.2192708394676447,100,100
1e13,shape2-1e13-d80x2,80,2,878182,153760,192,0.001,9354,1795968,10001034588672,5.201962471008301,https://wandb.ai/maxence-frenette/chess-engine-4/runs/wwf0m3db,finished,4.92445634841919,0.2186458396911621,100,100
1e13,shape2-1e13-d96x2,96,2,1090310,221376,192,0.001,7547,1449024,10000581140352,3.629546880722046,https://wandb.ai/maxence-frenette/chess-engine-4/runs/n3csev4f,finished,5.014427995681762,0.1964062564074993,100,100
1e13,shape2-1e13-d64x3,64,3,727558,147648,192,0.001,11309,2171328,10000815411456,4.7722368240356445,https://wandb.ai/maxence-frenette/chess-engine-4/runs/8dessdha,finished,4.860934057235718,0.21421875551342964,100,100
1e13,shape2-1e13-d96x3,96,3,1200998,332064,192,0.001,6883,1321536,10000792399872,5.515589714050293,https://wandb.ai/maxence-frenette/chess-engine-4/runs/4vc1znjv,finished,4.916267693042755,0.2006250061839819,100,100
1e14,shape2-1e14-d96x2,96,2,1090310,221376,256,0.001,56600,14489600,100001394380800,4.689960479736328,https://wandb.ai/maxence-frenette/chess-engine-4/runs/q6724yl8,finished,4.506518130302429,0.2866796875,100,100
1e14,shape2-1e14-d128x2,128,2,1551430,393472,256,0.001,39906,10215936,100001447838720,5.130397796630859,https://wandb.ai/maxence-frenette/chess-engine-4/runs/6na5pn8d,finished,4.62584986448288,0.287109375,100,100
1e14,shape2-1e14-d160x2,160,2,2061702,614720,256,0.001,30116,7709696,100001341200384,4.058632850646973,https://wandb.ai/maxence-frenette/chess-engine-4/runs/j05jp8mr,finished,4.549714372158051,0.2804296875,100,100
1e14,shape2-1e14-d192x2,192,2,2621126,885120,256,0.001,23750,6080000,100002928000000,3.9434046745300297,https://wandb.ai/maxence-frenette/chess-engine-4/runs/07yt4l18,finished,4.6370170783996585,0.2746875,100,100
1e14,shape2-1e14-d128x3,128,3,1748166,590208,256,0.001,35604,9114624,100002190970880,4.852558612823486,https://wandb.ai/maxence-frenette/chess-engine-4/runs/i880wqtl,finished,4.6442071104049685,0.2909765625,100,100
1e14,shape2-1e14-d160x3,160,3,2369062,922080,256,0.001,26362,6748672,100002199621632,4.686059951782227,https://wandb.ai/maxence-frenette/chess-engine-4/runs/t1llg0ej,finished,4.729684309959412,0.2710546875,100,100
1e14,shape2-1e14-d192x3,192,3,3063686,1327680,256,0.001,20445,5233920,100003776691200,5.591005325317383,https://wandb.ai/maxence-frenette/chess-engine-4/runs/1ii0t385,finished,4.6733759713172915,0.2592578125,100,100
1e14,shape2-1e14-d224x3,224,3,3832038,1807008,256,0.001,16387,4195072,100002260578304,3.9114038944244385,https://wandb.ai/maxence-frenette/chess-engine-4/runs/eyhxsy0m,finished,4.787535045146942,0.246953125,100,100
1e14,shape2-1e14-d160x4,160,4,2676422,1229440,256,0.001,23440,6000640,100002213765120,3.928144931793213,https://wandb.ai/maxence-frenette/chess-engine-4/runs/0k1mptrn,finished,4.63949880361557,0.2723828125,100,100
1e14,shape2-1e14-d192x4,192,4,3506246,1770240,256,0.001,17947,4594432,100001809635840,6.576916694641113,https://wandb.ai/maxence-frenette/chess-engine-4/runs/tmffa335,finished,4.729542005062103,0.2534765625,100,100
1e15,shape2-1e15-d192x4,192,4,3506246,1770240,768,0.0003,59823,45944064,1000012524295680,4.111591815948486,https://wandb.ai/maxence-frenette/chess-engine-4/runs/hbfybm6d,finished,4.274450967311859,0.3417187598347664,100,100
1e15,shape2-1e15-d256x4,256,4,5460806,3146752,768,0.0003,38596,29641728,1000010113026048,4.3218674659729,https://wandb.ai/maxence-frenette/chess-engine-4/runs/8aoxlknh,finished,4.3705862355232235,0.34187501028180123,100,100
1e15,shape2-1e15-d320x4,320,4,7808582,4916480,768,0.0003,27090,20805120,1000030507176960,4.440445423126221,https://wandb.ai/maxence-frenette/chess-engine-4/runs/290nonbs,finished,4.413741161823273,0.32390626072883605,100,100
1e15,shape2-1e15-d384x4,384,4,10549574,7079424,768,0.0003,20108,15442944,1000020903450624,4.172603607177734,https://wandb.ai/maxence-frenette/chess-engine-4/runs/w6e6590b,finished,4.462269082069397,0.31921875819563866,100,100
1e15,shape2-1e15-d448x4,448,4,13683782,9635584,768,0.0003,15538,11933184,1000053683205120,4.176954746246338,https://wandb.ai/maxence-frenette/chess-engine-4/runs/ero2h7kw,finished,4.478843932151794,0.3002604256570339,100,100
1e15,shape2-1e15-d256x6,256,6,7034182,4720128,768,0.0003,30151,23155968,1000026462454272,4.541371822357178,https://wandb.ai/maxence-frenette/chess-engine-4/runs/4lyw0nxz,finished,4.394080755710601,0.3321354265511036,100,100
1e15,shape2-1e15-d320x6,320,6,10266822,7374720,768,0.0003,20725,15916800,1000023288921600,4.188351631164551,https://wandb.ai/maxence-frenette/chess-engine-4/runs/d522c280,finished,4.431987614631653,0.3176041750609875,100,100
1e15,shape2-1e15-d384x6,384,6,14089286,10619136,768,0.0003,15139,11626752,1000001987516928,4.529114246368408,https://wandb.ai/maxence-frenette/chess-engine-4/runs/n9tbpjx5,finished,4.513785772323608,0.29725261241197587,100,100
1e15,shape2-1e15-d448x6,448,6,18501574,14453376,768,0.0003,11551,8871168,1000030889249280,4.348110675811768,https://wandb.ai/maxence-frenette/chess-engine-4/runs/vsnc47xp,finished,4.6253345942497255,0.27919271677732466,100,100
1e15,shape2-1e15-d512x4,512,4,17211206,12584960,768,0.0003,12376,9504768,1000018597294080,5.1657023429870605,https://wandb.ai/maxence-frenette/chess-engine-4/runs/zwdb3sz6,finished,4.610847885608673,0.2819791762530804,100,100
